date,BTC-USD,ETH-USD,BNB-USD,SOL-USD,XRP-USD,DOGE-USD
2025-07-31,117827.804227763,3807.381613991685,793.1214979990295,177.80967896677046,3.097577210307942,0.2203174498049267
2025-08-01,115744.99154744403,3696.599150825217,783.0381161444328,172.07722112539173,3.020435195708263,0.2096463144206449
2025-08-02,113275.14155683004,3487.866797029722,757.1370370433413,162.74607331420304,2.963530110567936,0.2010203069750151
2025-08-03,112572.12800035469,3400.741514835749,736.9606639767894,158.4169874778152,2.7793648596376164,0.1916269540469158
2025-08-04,114235.1022467364,3497.788424852092,751.2227509558612,161.84702994994532,2.9453312903679385,0.19886328779242604
2025-08-05,115084.65377044892,3717.032578785954,768.4792994471018,169.23693901090616,3.0727115204419877,0.210479556777086
2025-08-06,114097.76452778364,3611.964869972736,755.2183939616173,163.96663271750046,2.962593257950056,0.1996421893552106
2025-08-07,115013.39140866172,3676.613906884279,769.753582621438,168.0133753296729,2.989419543564749,0.20524481678624307
2025-08-08,117482.59621578844,3907.6010172319807,787.8268016546817,175.24536237190026,3.3160522104113537,0.22242594906092986
2025-08-09,116686.72473635004,4010.923271812793,793.7364903110662,176.85994681117458,3.2864099451794653,0.23035201883070147
2025-08-10,116500.75461167548,4265.188124390236,799.1632425587251,180.23120872544553,3.228782165827109,0.24079107603339342
2025-08-11,119296.65800359056,4252.166438840521,805.8513268912178,182.68928635422543,3.1873948534088647,0.2339151503650981
2025-08-12,118726.7609760874,4226.507130981428,806.2045919229839,174.95725734067068,3.132723694159237,0.22279669505434282
2025-08-13,120106.25587065212,4592.803332787304,833.5823024026685,191.786448282662,3.2614079529795235,0.23628639605846
2025-08-14,123419.33444694606,4750.841644372325,848.9551648994803,201.63465961943675,3.279695316716936,0.24549919437970946
2025-08-15,118387.76940297017,4560.320575406474,841.7170155571638,192.77887110952457,3.085974595993954,0.22418991808567507
2025-08-16,117396.51852350793,4437.624336661018,827.6300963722929,185.7012861074167,3.077994496413232,0.22821263671130274
2025-08-17,117397.54362420288,4423.427841805725,839.2697859525013,189.73550316648365,3.1071822177457036,0.23101920616038357
2025-08-18,117519.35606632657,4485.033789094146,856.7211993089303,191.5224013652545,3.093706595371064,0.23543563785814955
2025-08-19,116315.1187900144,4317.375712223622,848.8020630562028,183.0420032091928,3.0632481501001867,0.22246056482373594
2025-08-20,112896.32534645071,4080.647740086776,823.1852630685196,176.277152416671,2.8587967541266495,0.20911047499485522
2025-08-21,114250.43172587753,4335.095011843836,869.9903114730301,187.6039331805977,2.9519099360463503,0.2215865077683421
2025-08-22,112510.26783600032,4231.458988143176,838.8863352694036,180.4356117215392,2.851703236818048,0.2146036803461823
2025-08-23,116897.54178212964,4817.762321544151,898.8503695042938,200.33815382131016,3.070816405466016,0.24061883556812297
2025-08-24,115332.83331881854,4782.427363765921,880.2883093599477,204.26695971397615,3.0478809840710945,0.2359037954047403
2025-08-25,113422.51025044406,4780.256234389111,876.0256644003131,205.8864929558642,3.0246639375516806,0.2317500228704948
2025-08-26,110100.28195630603,4375.380795422783,840.6273911713336,187.1981730972964,2.8601414642530596,0.20977485568918428
2025-08-27,111712.86868147102,4591.768723220833,863.6262925296736,195.91060255077917,3.0109391771443543,0.21848182440389716
2025-08-28,111241.29264807492,4503.24929143207,855.4504978906813,202.9300220995657,2.968590743521697,0.2194773258086598
2025-08-29,112512.68098276858,4510.743657697646,873.8687720322681,214.39876962284723,2.965716112011266,0.22436553868912731
2025-08-30,108335.63315175904,4359.242872747144,862.6328089903093,205.07947238238825,2.81942177861866,0.21412824594263147
2025-08-31,108836.2359367675,4373.447756738678,862.376856361497,202.77953295987925,2.818447246134394,0.2158248863195881
2025-09-01,108225.66097887103,4385.611542272855,856.7405588895972,200.2316827563737,2.775282785392979,0.2138121881539986
2025-09-02,109229.01454657852,4314.33684565863,845.332393383432,197.13232717052787,2.7550273031162793,0.21012014689720937
2025-09-03,111348.10429289614,4320.5602658503985,851.5518488088424,209.1057953326883,2.8553961143319704,0.21481484336477316
2025-09-04,111751.64761020488,4451.0636436771065,854.9729602614092,210.7382384629725,2.844747699582196,0.22060869712158182
2025-09-05,110752.04142516552,4302.631106224621,843.7133424871429,202.49350614681552,2.795728183174699,0.21248433246322776
2025-09-06,110656.308978032,4306.9385585791215,849.9943332096433,203.4270263475836,2.8161535364878607,0.21790522280347202
2025-09-07,110223.83395870344,4275.565874686,861.8895648902305,200.27623765774015,2.810946259612996,0.2160115789297136
2025-09-08,111133.09269636446,4305.712109548157,880.4530529404026,206.43780404375596,2.877140734670126,0.22849209307593296
2025-09-09,112079.60390456462,4307.143237858236,879.0498432085484,214.3258796857092,2.9750954144142963,0.24204451984067996
2025-09-10,111521.54423183508,4311.8584294636485,879.8893801017527,217.33292585152705,2.9471108577338887,0.24093291427061306
2025-09-11,114000.12092296442,4347.482124114109,893.5309618314297,224.0522665870488,2.9831038118113136,0.24543876456428945
2025-09-12,115553.48783920688,4455.91485665392,903.1662765766664,228.68827626713545,3.040671421768843,0.25568309955896135
2025-09-13,116091.80704192116,4707.467094236729,925.3655313236296,242.21885145623688,3.106491123024363,0.27551364279954654
2025-09-14,115974.8873939637,4669.028586485019,934.1916509163024,242.57070224470883,3.1214184511096983,0.28938440733977444
2025-09-15,115278.5525158622,4606.740088999127,926.5769954923444,240.23085854705676,3.0299286982331193,0.2784558102769998
2025-09-16,115356.68489564986,4522.7579691582605,919.6008250967816,234.22097461011532,2.9964813590357604,0.2685387946986924
2025-09-17,116797.00205991932,4503.398838715683,956.0359891974958,236.9184933999762,3.0379789729451816,0.2696531218328301
2025-09-18,116430.93170207892,4594.02788969636,990.1596522530242,244.7148602803344,3.0841634514517677,0.282117441910369
2025-09-19,117169.11793707692,4593.807636563898,981.9260443671004,247.59944363004428,3.0758973086582895,0.2787643266477094
2025-09-20,115656.94582205842,4470.102748926164,984.4296390482864,238.56271348048392,2.990897900740012,0.26530671371919323
2025-09-21,115722.89635080755,4481.484588389632,1043.270787744944,239.56497982373855,2.978972702362676,0.26755567404153896
2025-09-22,115255.84820116172,4445.964686087343,1048.5669705107362,236.4512767492593,2.971498698499136,0.2613348265545181
2025-09-23,112692.49699542264,4201.889983622676,992.9536461653062,220.45569255221633,2.853071939900662,0.24128386887273082
2025-09-24,112002.46136592983,4164.826037505126,1016.9885706779726,213.6985956125151,2.825968325201984,0.23761019733597175
2025-09-25,113317.1626894919,4152.852648081888,1018.4592957852196,211.62431724598696,2.9278803930811144,0.2407374057852932
2025-09-26,109233.05041611978,3896.063017617365,951.8773021112256,193.41099740739065,2.7493115100975554,0.22239388412703953
2025-09-27,109660.37389675,4028.908465637633,960.3846068620484,204.81544207335943,2.780990009605818,0.2324576489429464
2025-09-28,109675.14319507511,4018.704458176895,968.5984240373904,203.5629663855269,2.8060952172429454,0.2308267057962403
2025-09-29,112179.39882976888,4139.675726866035,993.3374985454826,210.7475002663132,2.8644768800726794,0.2373584240120973
2025-09-30,114327.17133804818,4214.498317525192,1031.1491925361356,212.92369932398225,2.880372514874754,0.23517093556073534
2025-10-01,114087.51383151024,4147.316186865383,1008.8439770468452,208.8579841163509,2.8461126408803876,0.2327703853015738
2025-10-02,118930.95511416093,4354.37875727111,1027.580819741679,221.87788206611364,2.9482580178056854,0.24806693017750128
2025-10-03,120514.57785586917,4484.180377056455,1091.1637602211783,234.78399661993015,3.0389378149764874,0.2617674571494343
2025-10-04,122294.92441742844,4514.148616548543,1187.6628391538547,233.04397396283912,3.0420483759329757,0.2585990689382798
2025-10-05,122428.89063350527,4488.802917459776,1150.9753756548537,228.00950694210047,2.9693592464231773,0.25088714295062026
2025-10-06,123488.7305970136,4513.31014835462,1167.596847382807,228.51623325831756,2.968622326576146,0.25296284027536836
2025-10-07,124739.81088811433,4690.837856263482,1226.0517848571235,232.63341831761747,2.99054810772785,0.2663063497515599
2025-10-08,121463.11808164183,4453.781265556171,1306.3651260059326,220.38956435964568,2.855682119011508,0.2474019998363525
2025-10-09,123342.98469750278,4526.062095378305,1307.7582691896887,229.091625881658,2.879618312662142,0.2554779705215659
2025-10-10,121718.66757741552,4368.419616565288,1255.6065309412304,220.95337084458515,2.804023342938806,0.24844379648914036
2025-10-11,113043.67586321976,3841.6736803824847,1104.4952596383791,188.7926485329733,2.3700592846898307,0.19398560680787477
2025-10-12,110655.26975977032,3747.4570446607986,1136.912778144584,177.98430501390146,2.383913598572311,0.18563301824171755
2025-10-13,115060.88417839336,4151.918863184718,1303.267413555226,197.2146674369267,2.529653741025908,0.20753659744853606
2025-10-14,115226.58429002496,4245.447076633256,1294.4776992416448,208.60633453023536,2.607292503642952,0.21394989838012946
2025-10-15,113066.35078450407,4126.235352870518,1210.2210514750093,202.58499940260515,2.5050811467956984,0.20468099791201283
2025-10-16,110844.40417180728,3991.5442355212426,1164.1691043949725,193.98189964651897,2.4122709942221987,0.196125970301963
2025-10-17,108168.17353436728,3893.756037568491,1145.372930890636,184.676653314175,2.327078891793293,0.1882065213549952
2025-10-18,106483.89143637568,3835.007248476607,1071.9863307345822,182.1459454130084,2.29593334499471,0.18491410819207602
2025-10-19,107210.0961099579,3890.016062101197,1092.6952441716232,187.6503123404748,2.3600123732745915,0.18954325759734506
2025-10-20,108655.50525004532,3982.3558612703023,1110.1647637851845,187.79198147575528,2.390346018545064,0.19520501124976605
2025-10-21,110535.86301373685,3980.07327974389,1101.0500839866754,189.717698834749,2.494574251694319,0.19996595879779044
2025-10-22,108301.75462476298,3866.151782774292,1057.2574483439378,185.72442261780827,2.423538156244877,0.19449991155015053
2025-10-23,107591.4605093986,3805.881864350947,1072.0760492598645,180.0884506434004,2.3637245370123927,0.19001323956155677
2025-10-24,110109.30522515893,3857.590008571872,1127.478385045259,191.4105154932252,2.394687892719905,0.19477691026790134
2025-10-25,111030.1833786475,3935.956503436005,1108.5043400317666,193.5224673498789,2.508279461558719,0.19764132779850196
2025-10-26,111631.63726547628,3954.0041199084208,1116.7335165165655,193.93319201308577,2.5952603071088585,0.1965943046754672
2025-10-27,114419.22169689646,4158.567621968615,1138.1267627357272,200.0215931980344,2.645481792092586,0.20584151036172318
2025-10-28,114085.33123756813,4117.287077707286,1138.2326091418197,198.77163279922976,2.63389793917658,0.20052168840914944
2025-10-29,112893.85203624627,3978.812010414271,1103.1952172981496,194.29867849889453,2.6046449493103596,0.19376247597702617
2025-10-30,110026.087620204,3902.8019474292696,1107.5427367682962,194.0726847621732,2.5501065495933,0.19235527078076486
2025-10-31,108409.379924928,3801.551504718387,1077.7429260813997,184.49846534649268,2.4393602981380744,0.18266494236534228
2025-11-01,109566.6066188076,3846.95863062356,1087.5436478885672,187.1659046571601,2.508414081846672,0.18645789100238466
2025-11-02,110066.94174051796,3872.926054735507,1094.40572673596,186.31885199348687,2.5046915174642344,0.18727035305980386
2025-11-03,110499.52238345638,3905.342929555584,1083.5728995082006,187.67222619735156,2.526622419787482,0.18638051983144605
2025-11-04,106451.70653262926,3600.363768411873,992.6566261164724,165.88821459720248,2.308473257506325,0.167088259411484
2025-11-05,101480.76659609628,3285.2318395878847,937.0550318786186,155.1980725305336,2.209001299834111,0.16288015004301348
2025-11-06,103878.9335997028,3425.9698058908884,958.1514010610276,162.46544782382182,2.3425240690913345,0.16736363848179914
2025-11-07,101261.6455104612,3312.4503070158717,949.535282093972,155.05793557990853,2.2102812820466795,0.1611765350860604
2025-11-08,103191.7560668328,3426.4012405987837,991.374234104707,161.69017397076755,2.3182376463728107,0.1789825325849445
2025-11-09,102286.82524827348,3399.6637755492966,988.9394012313392,157.796348381377,2.284689973838738,0.17626014280423438
2025-11-10,104610.22853607994,3578.8023059041866,996.1572165780304,164.4107555710944,2.360529418634386,0.17908925000194684
2025-11-11,105951.49599987874,3566.049867115414,991.9074195481064,167.38292233660445,2.5257513072290494,0.18201794457446172
2025-11-12,103112.21006199118,3416.071508998829,957.7154116621834,154.65635090993268,2.390434897446697,0.17195486145155725
2025-11-13,101633.69431605682,3412.5432368287225,953.3750891587352,153.25824234818612,2.385774753235838,0.16994324383769366
2025-11-14,99480.3070908126,3223.175778614162,924.5394910820078,144.6022158116688,2.3190641287297,0.16419843945294735
2025-11-15,94772.61435799382,3118.7143444311273,915.915667370872,138.98547920304102,2.2436294470243503,0.15788017890783018
2025-11-16,95380.13316661112,3169.6972672382008,932.2755278090996,139.26651582272305,2.230062587287974,0.16317232050926925
2025-11-17,94188.27668924726,3091.905045683136,926.0490314043292,137.13897250282486,2.214708197984395,0.158885342685653
2025-11-18,92100.36452360668,3026.218255338726,906.0242254063282,130.8066278178265,2.1612832681988605,0.1517259112655674
2025-11-19,92903.18008511196,3121.5138481614545,930.6766678288052,140.6208727874062,2.2159606089639188,0.16157155927313305
2025-11-20,91408.3573343969,3020.935787720369,896.308413868124,136.71697636188486,2.105858534410783,0.15417594591610392
2025-11-21,86618.47155915352,2832.5307976375693,865.7728399470798,133.61111774040782,1.999405032484589,0.14936991802723154
2025-11-22,85087.95256265256,2763.897390488984,830.0517913331441,128.57234151997437,1.94948334534332,0.14013650514225232
2025-11-23,84675.50764856212,2768.1536567521325,833.2536795379444,127.55257578894552,1.9493257929882195,0.14033744565020795
2025-11-24,86740.11773876166,2798.913101183697,842.7379980896238,130.58087966204394,2.046289493333872,0.14503697936177498
2025-11-25,88256.04395603726,2952.334906852989,864.5162604219414,138.35323319673398,2.2260734535986457,0.15186545225017462
2025-11-26,87317.00455056976,2958.5732175211965,862.3442125404264,138.9326415526744,2.199282067196235,0.153133415915494
2025-11-27,90515.94357835098,3026.421534805452,892.1426077115159,143.01829550662933,2.22342735444749,0.15477076595978345
2025-11-28,91323.62827620257,3014.8198499491664,895.6001111045789,140.84645123344353,2.1996671847233507,0.15276775634393502
2025-11-29,90904.86767344688,3031.245855716179,887.4820043959745,137.40059276029743,2.179993207259447,0.15031711838482992
2025-11-30,90832.18685385384,2989.6497957851875,873.2238804700596,136.02333573557007,2.202072017538296,0.14857021850589083
2025-12-01,90359.86873169734,2990.797383294047,875.5056285100686,133.82640627084265,2.1586588689112713,0.1466972817557756
2025-12-02,86303.89766361401,2796.73386904882,826.1811395264315,126.67388526602132,2.0286260586600973,0.13577829077263187
2025-12-03,91320.07942505728,2997.602427194639,877.0156210139578,138.67222008976705,2.154410337736398,0.14610777122799323
2025-12-04,93428.59451478458,3188.8819447300766,921.0904198712338,144.82904690237106,2.200460426857361,0.1519490079014202
2025-12-05,92119.19047831658,3134.3486408160215,900.5406784732129,139.01629771281043,2.096753373104454,0.14750673884052382
2025-12-06,89264.22915485654,3019.826038059256,883.5953929884537,133.231965401601,2.0348536720375674,0.1395574899025586
2025-12-07,89227.45274823112,3036.875646714073,890.54304898583,132.2605923315256,2.031607257631385,0.13961195908450463
2025-12-08,90398.44875659447,3060.9948319527766,894.7109338161655,131.95984726955456,2.043169455705931,0.13819070715307746
2025-12-09,90626.0373431212,3123.8052523660685,897.2954561089753,133.22869851109667,2.07273654045108,0.14257837526799885
2025-12-10,92686.10402025311,3318.7209450428563,897.3845209083726,137.8941468193958,2.107586677837354,0.14814206543382394
2025-12-11,91986.58107213798,3323.292012600325,893.2067376163542,136.36516972784412,2.0428503536849583,0.1435711895887641
2025-12-12,92525.8680026296,3238.4136151525354,885.9820253593806,136.47367573628597,2.033738646362437,0.1404521990424531
2025-12-13,90260.54242242372,3086.7327669850124,881.7183013951837,132.30236894589092,2.0086522836519483,0.1369938792828775
2025-12-14,90253.11813342397,3115.271399958073,896.996868473447,133.17026302389507,2.023035544355354,0.1391364520130514
2025-12-15,88184.41093067056,3063.5454528219575,877.6018863105139,129.49535610673396,1.9799332393631692,0.1342511327270273
2025-12-16,86413.22138097929,2963.8945572517114,858.4409128289508,127.71787718749329,1.8976753512491444,0.1296670313047204
2025-12-17,87719.68139798648,2957.8602493045723,874.8581060228577,129.09757727148104,1.9285734292750072,0.13163341300230058
2025-12-18,86196.82137334664,2832.4683268792255,842.7724160788531,123.1722233035213,1.8617050386154732,0.12617529888873202
2025-12-19,85450.17964790671,2826.6732476964435,829.7469469952243,119.53477491010813,1.807836415390597,0.12198946840416328
2025-12-20,88091.69571216944,2977.664503683636,855.7953366043439,126.19398384656624,1.9075097477744076,0.13223152145074435
2025-12-21,88348.27802016199,2977.3342562903294,853.9161679852882,125.78203025133216,1.9326054463191744,0.13196089899121477
2025-12-22,88672.32967904503,3004.2204920824893,858.4217565842258,126.02413413596209,1.921837870988929,0.13107332764314425
2025-12-23,88489.72404150236,3005.3755577051465,858.0141958897835,125.82827489791832,1.900984053470418,0.1324352250363626
2025-12-24,87496.14669239183,2965.21878516193,844.4246513161333,124.03308958475714,1.8726823731725215,0.12928287561180404
2025-12-25,87589.01664996856,2945.367282877598,846.0128349599879,122.460155121348,1.8614073031242448,0.12854637499400673
2025-12-26,87192.23473670239,2901.680790122988,829.3812398334653,120.01776608161182,1.83215129950936,0.1234735692376755
2025-12-27,87303.04428036696,2926.4701674105486,834.2372687213889,122.19194432561508,1.8424924442028972,0.12199701828520598
2025-12-28,87852.98655230374,2947.7123005407134,844.9832508039058,124.67249933750114,1.8729261583846584,0.12427372973988156
2025-12-29,87867.03943448896,2948.8317693857384,858.8357327573289,125.15033815137768,1.8642306664406223,0.12385595413327449
2025-12-30,87154.68240604762,2934.356280609806,851.4864118379509,123.12034386014282,1.8486201599206935,0.12271386178229453
2025-12-31,88363.72223633934,2967.9804137872784,861.0151226097267,124.82656574921522,1.8748614021351784,0.1232611486337809
2026-01-01,87575.04615968224,2970.028682356399,862.6875532651649,124.52107166245452,1.8405299312812542,0.11728672656235732
2026-01-02,88764.12624075128,3003.8548082170178,863.1439009118409,126.95621771235598,1.8802422167207002,0.1266112971022498
2026-01-03,89978.91920361611,3135.108477674636,881.4243048172793,132.31679963702925,2.008929428891526,0.14153587561690467
2026-01-04,90614.40684381907,3130.7963686371836,878.1453705134414,133.30031232821088,2.017668118968793,0.14302827593489156
2026-01-05,91879.5772256957,3153.1033957378954,896.2525608584742,134.43165907625135,2.0952690617533083,0.14924315542751718
2026-01-06,93879.9479734475,3227.3933194586493,910.1472316070085,138.0003095859337,2.3537764079779833,0.1519393256021509
2026-01-07,93649.6319764084,3291.912961414173,916.7010933955976,140.8297481272592,2.302665904957429,0.15067949515748766
2026-01-08,91286.03314397692,3167.4127745767946,898.5170181191884,136.19851494230633,2.1649537840046547,0.14618070296026994
2026-01-09,91027.66616983686,3106.059127932304,892.2148003039543,138.37930950675758,2.1256948975795935,0.14198298288524971
2026-01-10,90551.71363174269,3085.4102699805294,896.3528714914261,135.86713631404515,2.099232369107714,0.14049286062279476
2026-01-11,90420.29795170767,3086.1247025890502,906.5126842973807,135.84312878216107,2.0997361524874876,0.13956550382681582
2026-01-12,90856.55910152226,3120.1733886182465,902.9366284387221,139.3201851544604,2.0772442326828475,0.13762170063565354
2026-01-13,91200.62761511702,3091.684735239076,904.5923566902693,139.07230582809257,2.0604534414889404,0.13657612595384463
2026-01-14,95429.1573224277,3330.50442935756,943.2811965266268,145.73859432253883,2.1691514760656063,0.14775768523242752
2026-01-15,96898.76071081961,3351.816081641762,947.7031427664074,146.51080044413305,2.142144757060112,0.14717593171884386
2026-01-16,95593.30783680787,3319.2231658916444,930.4748135254791,142.37528313106432,2.0877664284447053,0.13999017295875318
2026-01-17,95523.1861982478,3292.5138978949726,937.2419266208026,144.91193902286835,2.07410393103093,0.13803590837513685
2026-01-18,94802.88170431636,3307.0701203970584,946.257182729207,143.68428258663917,2.0618262747123546,0.1377750977423629
2026-01-19,93344.2194849136,3277.768640868265,926.6525354149239,135.50334566395688,1.9623858048175262,0.13205020983220853
2026-01-20,92566.01277952259,3186.780739691063,922.8488030286093,133.4132387086627,1.9906966052723087,0.12913260545675517
2026-01-21,88416.88686186896,2941.883255665837,881.8889819088545,126.10764632319889,1.897534540776928,0.1232505409033576
2026-01-22,89453.90473719541,2984.174965536145,882.7933729704462,129.72621773671372,1.9552925197479913,0.12644451176398563
2026-01-23,89483.65163014928,2951.3870755868147,887.4878725035992,128.50157375860476,1.937447931368259,0.12415563067569813
2026-01-24,89524.84864062016,2955.1225550231966,890.2668410148842,127.45408198467358,1.9285098497451156,0.12459272073883498
2026-01-25,89149.95970929884,2950.844309906184,885.2762159944691,127.3909695406124,1.9501554599051494,0.12407396440823537
2026-01-26,86625.33128140382,2812.935403888694,864.0849113740555,118.66203053729117,1.8428444453335122,0.11928718890285936
2026-01-27,88249.90141827049,2925.763833023022,877.9915843883608,124.18651087241786,1.9099355322017293,0.12234335135625338
2026-01-28,89141.65035979386,3020.015731085415,897.3151546620949,127.20506143377902,1.9256377575635069,0.126058502608312
2026-01-29,89212.20824183176,3011.815000270356,902.0202232463387,125.36504185209182,1.9246498423708593,0.12488805275945465
2026-01-30,84630.42066738439,2822.633841401332,867.5132721515412,117.8829797223508,1.8158998046157082,0.11710772670706057
2026-01-31,84091.63017682909,2702.9166772970834,857.1019214378521,117.47753461829744,1.7422956924566955,0.11570615704260108
2026-02-01,78647.02739790398,2450.663546893,779.6855757145962,105.49281488444598,1.6552424823604273,0.10391816890451142
2026-02-02,76895.58665593083,2264.345387690806,758.0226225859311,100.881066130847,1.5996883634199979,0.10446571067651927
2026-02-03,78670.58922752787,2343.45854365222,772.7669066347585,104.39215459693564,1.6256767356731507,0.10791475617863952
2026-02-04,75628.04173330522,2226.41311845928,752.5356483340834,97.6309479602485,1.5829643682651893,0.10558766312015572
2026-02-05,73059.17986713687,2143.2933986604808,696.0648712344613,92.0568681732404,1.517858947387863,0.10407129714856796
2026-02-06,62778.217566354324,1823.8053314217489,606.902857534796,78.40434132437782,1.2133346953655288,0.08853350658392219
2026-02-07,70272.52223140873,2055.7743792337988,654.5519791800546,86.97764557641793,1.461711815305451,0.09851068367968456
2026-02-08,69245.78200906444,2087.9866273523585,646.8126106841095,87.54346373381755,1.4284174751103542,0.09828204802987388
2026-02-09,70398.0850329669,2092.4274588224594,640.1059423190089,87.2357989380757,1.4411870773919397,0.09679508755158638
2026-02-10,70175.14749173766,2106.7856442624457,636.956462489727,86.80274713927635,1.441585913219291,0.09612223186470982
2026-02-11,68841.8723764457,2021.4415907712967,619.3542473218653,82.97679507645698,1.4055705614431524,0.0926891019115639
2026-02-12,67090.5793396472,1944.681900647583,608.4290107913192,79.55930152154403,1.3841745099158949,0.09098504799968382
2026-02-13,66258.52954947444,1947.8399217972387,613.9633538815037,78.62969332713851,1.3768617985796396,0.09297230134330874
2026-02-14,68837.58112429692,2048.3187877857945,618.9261438677029,84.45790130055087,1.417330931274759,0.09648780963693444
2026-02-15,69799.5509626349,2085.705591574723,632.4556787932836,88.16311329534221,1.5206965881596475,0.11102387044534862
2026-02-16,68778.84298479716,1967.5499217442239,614.2795141777232,86.28536644166955,1.4930275577193792,0.10263274360387378
2026-02-17,68859.77618747062,1998.1759871140314,626.8656793568996,86.5771448069784,1.4990382978991095,0.10101283473720928
2026-02-18,67559.29573331702,1994.3527116895793,618.1700830481263,85.34355742185454,1.4884442449776467,0.10065712113902656
2026-02-19,66426.61953458567,1954.6531149212074,604.1150841007902,81.75815785366494,1.441114568480857,0.0984655266513993
2026-02-20,66976.02936410521,1949.6068369097477,607.1260844479245,82.6525984959415,1.4225004956108944,0.09826304027116836
2026-02-21,68002.9401106256,1967.928380323993,626.5273546048493,84.79782002630832,1.4382554246370942,0.10008076429796753
2026-02-22,68026.03124326779,1986.9516807466036,625.7245510280627,85.4563629671115,1.450119642581838,0.09852639805510928
2026-02-23,65192.18870120006,1886.450366591152,589.4687730267202,78.74991176781678,1.3640075553007247,0.09524627651516329
2026-02-24,64737.90196985264,1859.2199106790974,596.6626313609953,78.26986413795304,1.3662311865472427,0.09259698111404983
2026-02-25,64073.54894566756,1852.0821618898767,583.7319890941815,79.15515746010666,1.3582480421774696,0.0914313497566651
2026-02-26,67850.10521282951,2053.097732531376,629.0621013497806,88.07924459617706,1.437975675373357,0.10040550652510143
2026-02-27,67496.84163950248,2027.5050759088144,625.592704500723,86.07936596494483,1.4126241932906416,0.09706278741592801
2026-02-28,65891.22197698704,1931.1188526606693,613.2764301657836,82.04418185445192,1.3657781847122676,0.09333407883760456
2026-03-01,67017.07604771722,1966.7219163588757,617.7144379235691,84.67491088061367,1.388047054085294,0.09409555390986618
2026-03-02,65824.42166938317,1939.7957193912328,618.6936980211282,83.73986956786652,1.362270057547874,0.09190272619858843
2026-03-03,68815.9363388441,2028.799011354667,637.4293523214789,86.75098086219938,1.3987662416144493,0.09359787766200474
2026-03-04,68287.46303403362,1982.9514132768732,633.3422696816933,87.05158771027426,1.3735872886650777,0.09006591141967334
2026-03-05,72752.30156666112,2127.5791778087923,658.3186569482641,91.07299801568064,1.435767494550255,0.09917644037818434
2026-03-06,70868.21819643723,2073.3589471780524,648.0603619606361,88.95101498981624,1.4095526706873105,0.09356671480114738
2026-03-07,68142.88312387785,1979.0781325827184,626.851298987526,84.7320068085851,1.37141424019512,0.09128746316658029
2026-03-08,67339.67440056572,1984.4479694207268,620.9074419975918,83.62301487964194,1.396332311347475,0.08996188597992184
2026-03-09,66042.7510790264,1939.3917593920498,611.9485195167236,81.88428957123448,1.35490752108217,0.08913118184470159
2026-03-10,68430.60926017091,1992.982026905004,634.8747637490042,85.02093175468558,1.3718876229253802,0.09034133754844273
2026-03-11,69849.2035305081,2035.1741536034772,641.8894106102791,85.89560657695257,1.3919277981529767,0.09453933298078705
2026-03-12,70028.95987601393,2051.9341141166024,651.4124269513053,86.5581504342351,1.3847478524585772,0.09294838106012036
2026-03-13,70417.19388567522,2071.9197307868703,650.696970577604,86.91319465805584,1.3988862713864045,0.09478629417354649
2026-03-14,70838.93230193328,2090.073006429967,655.2115423507036,88.13547874972527,1.3987968885148327,0.09591239936172402
2026-03-15,71149.2823885419,2107.1131900776604,657.349799131319,88.22402192508966,1.425291428571713,0.09596437643209395
2026-03-16,72934.2940718683,2182.0726576096104,675.751059049176,92.84245908141786,1.4582581325650392,0.09732538404585027
2026-03-17,74679.37090810013,2343.5310877349557,678.2088254970625,95.89308559272592,1.5394605590302872,0.10331818856883287
2026-03-18,74004.69080880683,2320.9509267494554,668.8976540761711,94.88825668690211,1.5225501906361782,0.10022225595452286
2026-03-19,71220.04730260483,2203.1349441544735,651.6094717730115,90.115544198641,1.4662524918487003,0.09512193972476529
2026-03-20,69936.19932093748,2139.514195287849,639.1519706225815,89.13814377366043,1.4557086485948132,0.09344159710524043
2026-03-21,70526.28915957874,2146.578814982091,642.1471370599114,89.88102391501674,1.4438593513850513,0.09418522447756913
2026-03-22,68424.07687771624,2066.1561868530966,624.6276730266253,86.94066815337234,1.4130020572493553,0.09241239080289568
2026-03-23,67933.42948137881,2055.681838744274,626.5373626989152,86.51000589698566,1.399010071779641,0.09017500800359304
2026-03-24,70987.25185405998,2152.471302393496,639.19746183984,91.61995872641151,1.4376099340574098,0.09398523720476562
2026-03-25,70528.86345595501,2156.3938779843224,638.2973036689143,90.95642493892578,1.4233299309185359,0.0951115437096713
2026-03-26,71303.58545062262,2172.4163328611644,647.8097781960232,91.79638934133811,1.42323613048032,0.09599706406824654
2026-03-27,68727.2122901201,2059.589104363155,628.075063746569,86.56000919831459,1.3681491705216458,0.09199232617364651
2026-03-28,66329.88185741157,1991.5485477905527,612.6466132872106,83.00571325553047,1.3250991075693428,0.09004403853917814
2026-03-29,66388.84446013413,2000.0500988359693,610.6947039590251,82.1077280474731,1.3342864570168125,0.09083113630486371
2026-03-30,65947.03192607871,1981.7423699353176,605.7052583106979,81.38667344193283,1.3279211567600602,0.0903745048785108
2026-03-31,66691.27147786925,2024.0146470848574,608.7288635084197,82.4461259589699,1.3228726302337825,0.09068548027161676
2026-04-01,68107.47456405059,2101.726400516648,616.1538820335377,83.03928802068708,1.3390639434582177,0.09214078308511245
2026-04-02,67959.87524726024,2245.70575810672,640.709809816445,85.18642438724109,1.409441497230616,0.09230023392201143
2026-04-03,66887.51063938277,2148.331568256019,609.39043348962,82.437047307973,1.3728442155142822,0.09034614796897832
2026-04-04,66822.55230312092,2153.9422147046753,616.9427341610079,84.3168919305744,1.3791440980747685,0.09156002686470996
2026-04-05,67077.1500532805,2149.6888978335696,617.518340427392,84.11954370483632,1.366696716458642,0.09195931613318098
2026-04-06,69002.03847938096,2210.9808037435196,629.754936348697,85.7459920068651,1.3831197577758554,0.09219425272812062
2026-04-07,68672.24657456316,2196.767542854042,625.1552041670111,83.3997813478326,1.3706668430597782,0.09059384779644834
2026-04-08,71661.76372427847,2351.602663536811,649.8902591923493,89.76502439558917,1.440880542034105,0.09527212505403887
2026-04-09,70644.79416156793,2310.4685340781693,633.5277046802141,87.080880130839,1.4088722785051486,0.09236630916641947
2026-04-10,71367.80291658688,2296.7595249966234,632.5692960667849,87.42960016778983,1.403147628205088,0.09253492552724309
2026-04-11,72920.25491187068,2247.4186221630807,605.816672439965,84.80770646580707,1.3561245684325638,0.09372860644586083
2026-04-12,73021.85968305328,2283.0571149299954,607.1695837676739,84.93208356676055,1.3550226689539349,0.09304473758167307
2026-04-13,70660.63961180339,2189.221443884993,592.0591893811612,81.48683233639147,1.3252607819143487,0.0908280107420861
2026-04-14,74481.64142860245,2374.0162053338927,615.9569577245946,86.63567521441236,1.375705421959058,0.0940578596876677
2026-04-15,74297.34759499803,2326.445177466492,614.5789565262527,83.81940155901538,1.363623937325541,0.0930252261939517
2026-04-16,74826.31308825641,2360.57614677394,623.2079126106592,84.96031849144572,1.3924365799367313,0.09494201108556082
2026-04-17,75111.95674547968,2348.987492385873,636.2837069331584,89.09592877870321,1.4535685190773635,0.09932222317921213
2026-04-18,77125.73357198425,2421.2905710664027,643.5475193945257,88.8299708972434,1.476944178548981,0.09952058754890308
2026-04-19,75716.15083727139,2351.4600244518356,630.021234735221,86.16588217188954,1.4342426784687692,0.09497162923789765
2026-04-20,73841.02173808741,2264.1941982589246,616.1662853189757,83.50924821523091,1.3956962596939182,0.09302157007681368
2026-04-21,75858.03546790924,2314.6386071300276,629.3909650144932,85.29408341135965,1.4252047684646112,0.09520396925906387
2026-04-22,76326.19170242558,2326.6640126907014,631.6847455992801,86.0424364200775,1.4337758080346694,0.09515334869575981
2026-04-23,78238.81675008619,2375.7144533633987,637.8760547523035,86.93158314182028,1.4301743977390085,0.09571181424375587
2026-04-24,78275.32582745969,2331.0953087937605,638.7414549173521,86.14014927124724,1.4394581994074445,0.09718437103544911
2026-04-25,77447.61757991764,2315.700185661901,636.277298464707,86.2185542154086,1.436134425683369,0.098344442413165
2026-04-26,77634.51592192693,2320.566403725771,628.6116559486803,86.19672544782625,1.426350778891515,0.09807804874637178
2026-04-27,78637.74356150378,2369.1540292624554,635.9118150455902,86.93731595191888,1.432179767588003,0.09928885737043763
2026-04-28,77366.78442217235,2303.8842501308045,626.9524469922035,84.80959100944631,1.403977352114116,0.09898470264022437
2026-04-29,76331.86443470464,2292.7658741534183,624.401752594144,84.04602358960982,1.3830126883729867,0.09935674445078807
2026-04-30,75784.95743624517,2253.620049292702,617.1644396854956,83.03560020545386,1.3706147124320556,0.10400448795643337
2026-05-01,76296.7964844269,2256.9491123703424,615.1315444489046,83.03995075848528,1.3686295149928924,0.10644519867640831
2026-05-02,78207.76425489692,2295.583440883838,615.4081816789101,83.74516060974149,1.387111151936983,0.10836328471595287
2026-05-03,78677.4246327222,2322.287161264127,618.0360989955103,84.2627584319434,1.3943322006711885,0.10841352139561242
2026-05-04,78512.09246456268,2322.5878639164766,617.0592341065477,83.84166473387728,1.388725666103684,0.10830192293269413
2026-05-05,79825.8751129579,2346.1713028945196,622.5454199421628,84.08449536741543,1.3924135298140945,0.11012888821175514
2026-05-06,80913.9613749304,2360.6443662859797,630.5197614089996,86.30486668344513,1.4135034968103786,0.1147503370385511
2026-05-07,81436.85936825167,2351.0137484161237,647.917102652703,89.16544229478262,1.4294969503913497,0.11229598283751535
2026-05-08,80024.90767231231,2291.302591374564,637.1023815023726,88.43226804224953,1.3919587883116804,0.10780019227784385
2026-05-09,80197.2669977041,2307.470372982362,649.2450974104772,92.0051901272934,1.420641611770628,0.1094195816804092
2026-05-10,80677.64981723971,2327.1639474602157,649.7616812355201,93.14241861919785,1.4224308017553566,0.10872345489847518
2026-05-11,82018.3711243874,2369.9648714985337,663.4733750407737,96.4109436575395,1.4733272918435374,0.11258859225039546
2026-05-12,81627.56604995472,2338.59446825004,670.3091959569925,97.25241253260013,1.4759911514946882,0.11125094820293255
2026-05-13,80482.14377829393,2275.747322631228,664.8137077847776,94.28512370471019,1.4358487937325481,0.1099851759018609
2026-05-14,79288.8420865621,2258.4839088491867,671.3872863252919,91.1181109418428,1.42655925240605,0.11273726370791377
2026-05-15,81059.11595417073,2282.595746277603,678.0258415036767,92.1198653434353,1.4825648811639263,0.11525333728803996
2026-05-16,79068.6684041429,2223.9374886817177,672.1506658459626,89.1991049638626,1.4331104702954172,0.11337916984290629
2026-05-17,78132.7535126921,2180.0891100856325,656.0070996829677,86.51689163386662,1.4131582551338857,0.1093241786821642
2026-05-18,77428.51866052429,2130.749230126177,649.0696709061414,85.18280454864586,1.4008124294376394,0.10818645825284354
2026-05-19,76959.40571528324,2128.8927623239815,643.0629817607845,85.31915788905131,1.389106938376565,0.1046028437707866
2026-05-20,76758.73155866472,2109.3421375885023,639.4078785765344,84.19081048342706,1.358688584281766,0.10297631212786278
2026-05-21,77470.39614899461,2127.468931683584,648.8135781157387,86.05865859618997,1.364914449532441,0.10352471156892325
2026-05-22,77550.38308320483,2132.1443703600044,657.2580376188126,87.17389465455327,1.36936418176817,0.10554063249287482
2026-05-23,75478.38285862996,2064.039749218924,649.9691943034433,84.31186681406471,1.3323718289119872,0.10216974482890936
2026-05-24,76684.37097078416,2116.4299126571727,655.7093484986534,85.6707931191255,1.354304495326544,0.10294073664632844
2026-05-25,77016.06581859986,2097.6582568011895,656.3216569268385,85.22303380051963,1.3489759781401205,0.10224878816359324
2026-05-26,77258.39912360838,2110.5929717502054,662.783618728823,84.97682971506052,1.347040252911395,0.1019989495596609
2026-05-27,75851.10409561773,2072.3492159738144,655.7801317810654,83.66751400447032,1.3265991470275145,0.10096590035898649
2026-05-28,74339.61694703094,2022.465974317952,648.1022793623637,82.33204554881856,1.3005645361540241,0.10036921573801685
2026-05-29,73651.64255141478,2008.1144631178963,637.590036018025,82.0439463262634,1.3143541072350677,0.09932421612353509
2026-05-30,73500.91507629369,2012.5607890669655,642.4763985549286,81.9770412126185,1.3289137152633566,0.09965309425118372
2026-05-31,73820.30385315015,2021.665390940461,719.2839543502296,82.68649732797877,1.33979269803168,0.10036844378521499
2026-06-01,73598.6681238158,2005.0520566280852,709.7461276820151,82.33762528669455,1.3315091082438855,0.10014516915659596
2026-06-02,71320.29306465392,2003.5794472377934,692.0622015739435,81.16096271852808,1.295466044055384,0.10080914158529519
2026-06-03,66727.26415497709,1858.3640479335945,650.2435799684146,74.13901501343945,1.2102231710312374,0.0924624282912731
2026-06-04,64046.61064609333,1811.7149905120527,619.783537192592,71.5436851656655,1.1998719776763807,0.09141721140761148
2026-06-05,63810.65923840883,1769.0317333338,603.8314770752072,68.81086787182636,1.1676610643848133,0.08842927583095148
2026-06-06,60960.10140035313,1582.4588294507628,571.9698919463663,63.63313109112329,1.0972843950512718,0.0813182125871208
2026-06-07,60855.25426528331,1568.7027946407661,574.2853923786267,62.17918349826299,1.0929747313661586,0.08177758754020888
2026-06-08,63273.537430635515,1687.8826846141703,603.8984366100508,66.42475751544987,1.1548517514448144,0.08604813235218223
2026-06-09,63069.147792658114,1690.4950851700783,601.5368716232298,66.80256146212376,1.1677525780115696,0.086272244774317
2026-06-10,61669.76384194788,1638.7504135601862,593.0656308303504,64.9237603504689,1.1368684224292722,0.08473449221295888
2026-06-11,61480.144432833426,1620.917390707054,586.1915042460671,63.18212175433404,1.096886405735991,0.08293915393514795
2026-06-12,63555.66181107698,1671.86904676229,605.0188351074373,66.81660398292856,1.1411231049622073,0.08596641580246688
2026-06-13,63532.27782485316,1665.5551249935475,603.5065215908736,66.77674858898844,1.131721918290297,0.08588788605470536
2026-06-14,64408.80975375945,1680.3055520030994,609.3153936702697,68.87994920794057,1.1501945676088534,0.08779074496271988
2026-06-15,65709.31094599118,1725.448928079916,616.2913721407087,71.21816957667109,1.1857724963931864,0.08874927586103158
2026-06-16,66292.50117921834,1794.9576599037732,617.3823195179718,73.9490661555558,1.2376600592814702,0.08809139551856043
2026-06-17,65619.28080038042,1791.3886783051394,604.4270847551903,73.4631155495267,1.2164421139531405,0.0871978257880189
2026-06-18,64444.545329668814,1748.7549735206103,601.0035535777396,71.98435089991071,1.1858247656054528,0.08582856104556946
2026-06-19,62897.23855524796,1710.079110757131,578.0941140346222,69.64875448394535,1.1457015254597007,0.08341853378631879
2026-06-20,63489.81094752525,1708.87855388619,580.5498791177642,69.67510636134296,1.1352079033331168,0.08322912134690558
2026-06-21,64253.39869532133,1739.2769352743533,587.6019263693968,73.18000530963474,1.1491349570468194,0.08361257947743976
2026-06-22,63255.48525259375,1704.9130137257484,583.7382242602163,72.42261496688492,1.1240573531728624,0.08220789657398714
2026-06-23,63937.28526422244,1725.1620208904676,589.2686919181896,71.84825365060954,1.1278455886946306,0.08231792628320807
2026-06-24,62662.29201921944,1665.7162407218393,577.3779980091048,69.6086375465547,1.1090597219669764,0.07885060801004443
2026-06-25,60989.57352152134,1620.6434082953833,563.9704782268035,67.94878023470052,1.072805994012306,0.07591338039906223
2026-06-26,59726.73653480851,1566.0081297519519,560.0088056886373,67.63197484567073,1.0424278885912308,0.07479979374642588
2026-06-27,60022.32566638378,1576.9176481850786,566.9395585365139,71.81424446301368,1.0466477618660692,0.07572069638744626
2026-06-28,59953.443344011124,1571.9371269098212,556.5879485175612,70.40481823828176,1.0451606232986514,0.07444701714475399
2026-06-29,59494.606386317784,1570.0805519413402,550.4111830116456,71.2724585453322,1.0463154690273346,0.07311444917636763
2026-06-30,60152.35872063589,1609.751185572177,558.6227835458758,75.01499688974292,1.0547737677266684,0.07325597122611875
2026-07-01,58566.091991843154,1569.8271747749748,545.864131071901,73.56481907476494,1.0381027722508576,0.07197207127518593
2026-07-02,59967.685041718134,1608.254387223296,549.9510649904576,77.36147682738353,1.0508621926009323,0.07219446750317275
2026-07-03,61490.21448471664,1698.5610521616197,558.1196504363588,80.61965067731505,1.0869488576659663,0.07408232446283858
2026-07-04,62553.61289177051,1756.9804642496356,573.3641876486147,82.29123076434712,1.1341333307169985,0.07745694808928298
2026-07-05,63088.406753852214,1779.908385139636,574.7757156537721,81.70349684813986,1.15642721313132,0.07760110755070566
2026-07-06,63586.102141021256,1784.2622991817525,589.1826542355047,81.51563065259701,1.1564208702117225,0.07773452262129213
2026-07-07,64001.23542391328,1798.557105022033,585.5377551735166,81.88843062284806,1.1441118072110117,0.07659749426856755
2026-07-08,63335.30929080668,1771.2223954004269,576.6079677024561,80.58601402999597,1.1120051240230528,0.07419233870271026
2026-07-09,62247.1304822092,1742.2494536901065,568.1933961660617,77.78886312209272,1.0901740623941096,0.072206322669821
2026-07-10,63192.8789720319,1744.6953884606253,568.336903396185,77.99219264415099,1.0927141951064325,0.07282224971094599
2026-07-11,64110.97482196822,1795.2394655119474,575.091602394218,78.06878587097549,1.104005366846566,0.07402898582100634
2026-07-12,63791.35305345348,1787.9485944322748,574.540611804015,76.71562325891836,1.096197339470673,0.07340609893774128
2026-07-13,63746.65595793199,1805.4862853704624,573.7067971748755,76.86985248774823,1.0854933916295033,0.07270189658710605
2026-07-14,62278.96301585648,1774.0909253483635,566.8067374879349,74.93128320593416,1.0664910722139291,0.07183192197386998
2026-07-15,64983.51907427709,1890.3093923843837,581.3477700391322,77.80864772344317,1.111116761569743,0.07450676484060399
2026-07-16,64717.168891130066,1916.7586464879018,580.0914809504844,77.23864761387213,1.1127284157422908,0.07399864093314065
2026-07-17,63792.28742743447,1863.0065007127855,572.113964769213,75.26924720120745,1.0863798740753594,0.07234660251345708
2026-07-18,63904.954014943025,1840.7681193183653,567.758313883116,75.00200273777084,1.0885135568085882,0.07250783742604992
2026-07-19,64795.70382303786,1862.32234801627,570.3033872677163,75.48105541148355,1.0922463620697758,0.07245814905446253
2026-07-20,64670.40117470696,1870.8170349782704,570.5283706446356,76.311803624947,1.0968034898967796,0.07225266238176381
2026-07-21,65184.92144270268,1901.7735152870935,570.62038864161,77.74886056354681,1.1112396193859457,0.07207578342509771
2026-07-22,66520.98164575922,1928.6558956703082,573.5798653458507,78.08824475788602,1.1424327821391576,0.07324642701387814
2026-07-23,66077.05646514206,1933.4132583162384,570.7268313014563,77.93926390412061,1.141418837576549,0.07289474516091954
2026-07-24,65033.02206215462,1876.9500085020109,566.9806839843073,75.7639067086523,1.106788595022158,0.06916482595719818
2026-07-25,64099.00415642356,1861.2641627234207,564.3237287662356,73.92669024333507,1.0914638894265796,0.06954613741639784
2026-07-26,64316.36420628235,1874.0317210558958,568.8358007048037,74.46821345207313,1.0973442645114733,0.0716799435556508
2026-07-27,65310.39342889224,1951.7881774065308,575.0672982140798,76.60392655867378,1.1115911573113,0.07332109663515643
2026-07-28,63673.70583727069,1890.5713453129135,565.6186945632496,74.197598700806,1.0646593216696538,0.07029782452972885
2026-07-29,63957.0445311038,1922.9988578210239,571.2668124122416,73.896390368975,1.069405546793824,0.07067088240962063
2026-07-30,65045.670636888186,1928.73767323928,587.6812037881648,74.69546571040492,1.0842320028883592,0.070356671658574
